filename,caption_from_docs,caption_in_spreadsheet
fig_01_01.jpg,"Fig. 1.1 Hydraulic capstan, Liverpool 1901.","Fig. 1.1 Hydraulic capstan, Liverpool 1901."
fig_01_02.svg,Fig 2. With rope over a single-wheel pulley.  A net full of fish would be too heavy to lift.,
fig_01_03.svg,Fig 3. Wrap the rope around a rotating cylinder and it becomes easy to lift heavy loads.,Fig 1.3. Wrap the rope around a rotating cylinder and it becomes easy to lift heavy loads.
fig_01_04.svg,"Fig. 4.  A rope round a rotating cylinder making contact around a small arc dθ, the tension increases by a small amount dT on account of friction.","Fig. 1.4.  A rope round a rotating cylinder making contact around a small arc dθ, the tension increases by a small amount dT on account of friction."
fig_01_05a.svg,NOT FOUND IN DOC,"Fig. 1.5. Forces and velocities on a locked wheel. (a) Car moving forward with velocity v, (b) diagram showing the road moving relative to the wheel."
fig_01_05b.svg,NOT FOUND IN DOC,"Fig. 1.5. Forces and velocities on a locked wheel. (a) Car moving forward with velocity v, (b) diagram showing the road moving relative to the wheel."
fig_01_06a.svg,NOT FOUND IN DOC,Fig. 1.6. (a) Frictional and centrifugal force on a turning car. (b) The forces if the hand brake is applied.
fig_01_06b.svg,NOT FOUND IN DOC,Fig. 1.6. (a) Frictional and centrifugal force on a turning car. (b) The forces if the hand brake is applied.
fig_01_07.svg,Fig. 7. The principle of Ackerman steering. All wheels rotate around the same point. This cyclist is borderline safe in this illustration.,Fig. 1.7. The principle of Ackerman steering. All wheels rotate round the same point. This cyclist is borderline safe in this illustration.
fig_01_08.svg,Fig. 8. The Geometry of Ackerman steering.  The linkage creates the angles shown in Fig 1.7.,Fig. 1.8. The Geometry of Ackerman steering.  The linkage creates the angles shown in Fig 1.7.
fig_01_09a.svg,NOT FOUND IN DOC,"Fig. 1.9. The Ackerman design isn't perfect but it works pretty well.  Ideally x will always be equal to x0, but this only happens exactly at φ=48 degrees."
fig_01_09b.svg,NOT FOUND IN DOC,"Fig. 1.9. The Ackerman design isn't perfect but it works pretty well.  Ideally x will always be equal to x0, but this only happens exactly at φ=48 degrees."
fig_01_10a.png,NOT FOUND IN DOC,Fig. 1.10. (a)  φ = 16° and (b) φ = 48°
fig_01_10b.png,NOT FOUND IN DOC,Fig. 1.10. (a)  φ = 16° and (b) φ = 48°
fig_01_11.jpg,Fig. 11.  An epicyclic or planetary gear.  OUP: COPYRIGHT INFRINGING.  I HAVE A POOR PHOTO OF A 3D PRINTED PLANETARY GEAT IN CUED.  I COULD GET A BETTER PHOTO,Fig. 1.11.  An epicyclic or planetary gear. COPYRIGHT INFRINGING.  I HAVE A POOR PHOTO OF A 3D PRINTED PLANETARY GEAT IN CUED.  I COULD GET A BETTER PHOTO
fig_01_12.svg,Fig. 12. It is curious that with a left-handed thread the left pedal of a bicycle pedal doesn’t come loose,Fig. 1.12. It is curious that with a left-handed thread the left pedal of a bicycle pedal doesn’t come loose.
fig_01_13.svg,Fig. 13.  The right side bicycle pedal,Fig. 1.13.  The right side bicycle pedal
fig_01_14a.svg,NOT FOUND IN DOC,Fig. 1.14. Exaggerated clearance between the crank and pedal threads.
fig_01_14b.svg,NOT FOUND IN DOC,Fig. 1.14. Exaggerated clearance between the crank and pedal threads.
fig_01_14c.svg,NOT FOUND IN DOC,Fig. 1.14. Exaggerated clearance between the crank and pedal threads.
fig_01_15a.svg,NOT FOUND IN DOC,Fig. 1.15. The R-L circuit model of a dynamo and the voltage generated for slow and fast cycling.
fig_01_15b.svg,NOT FOUND IN DOC,Fig. 1.15. The R-L circuit model of a dynamo and the voltage generated for slow and fast cycling.
fig_02_01a.jpg,NOT FOUND IN DOC,Fig. 2.1. A sub-ocean cable
fig_02_01b.png,NOT FOUND IN DOC,Fig. 2.1. A sub-ocean cable
fig_02_02.jpg,"Fig. 2. The Great Eastern setting out from Ireland trailing the Cable. The pulses were broadened significantly on arrival and Kelvin explained this by treating the cable as a distributed R-C circuit.  About six to eight words per minute could be sent.  I DON'T KNOW WHERE THIS IMAGE COMES FROM.  WE COULD USE THIS ONE?  https://www.meisterdrucke.fr/fine-art-prints/French-School/967160/SS-Great-Eastern,-navire-%C3%A0-vapeur-en-fer-con%C3%A7u-par-Isambard-Kingdom-Brunel,-de-Les-Merveilles-de-la-Science,-publi%C3%A9-vers-1870-(gravure).html",Fig. 2.2. The Great Eastern setting out from Ireland trailing the Cable. The pulses were broadened significantly on arrival and Kelvin explained this by treating the cable as a distributed R-C circuit.  About six to eight words per minute could be sent.
fig_02_03.svg,"Fig. 3.  Heaviside’s circuit model of a cable, which now appears in every undergraduate course of electrical engineering.  The parameters per unit length are a resistance R, an inductance L, a capacitance C and a leakage conductance G.   I DON'T KNOW WHERE THESE COME FROM - I DON'T THINK ARCHIE DREW THEM.","Fig. 2.3.  Heaviside’s circuit model of a cable, which now appears in every undergraduate course of electrical engineering.  The parameters per unit length are a resistance R, an inductance L, a capacitance C and a leakage conductance G."
fig_02_04.png,Fig. 4. The input and output voltage of a rectangular unit pulse lasting 0.1 seconds. A 1 volt input voltage for 0.1 seconds (red) and the result at the far end of the cable (blue).  HUGH DID THIS IN MATLAB.,Fig. 2.4. The input and output voltage of a rectangular unit pulse lasting 0.1 seconds. A 1 volt input voltage for 0.1 seconds (red) and the result at the far end of the cable (blue).
fig_02_05.jpg,Fig. 5. A typical received signal (1922 Scientific American).,Fig. 2.5. A typical received signal (1922 Scientific American).
fig_02_06.png,"Fig. 6. The calculated decay length in metres for an ADSL line as a function of frequency, . The decay length is the distance at which the signal whill have dropped to 37% of its original amplitude.  HUGH DID THIS IN MATLAB.","Fig. 2.6. The calculated decay length in metres for an ADSL line as a function of frequency,  . The decay length is the distance at which the signal whill have dropped to 37% of its original amplitude."
fig_02_07.svg,Fig. 7. The electrostatics of a charge and a conducting sphere.,Fig. 2.7. The electrostatics of a charge and a conducting sphere.
fig_02_08.png,"Fig. 8. shows a sphere of radius a in an infinite conducting medium with a current I transmitting at a voltage V.  Since current is conserved, the current density at a distance r is J = I/4πr2 . If the resistivity of the medium is ρ, then E = ρJ = ρI/ 4πr2.  The voltage V is the integral of E, V = ρI/ 4πa so the resistance to earth is ρ/ 4πa.  A more realistic geometry is the half plane shown by the dotted line (a hemisphere at the surface), which doubles the resistance. A typical clay soil might have a resistivity of 20 ohm m so a 1 m radius sphere, (or flat plate) would have an earth resistance of about 3 ohms, very much less than the cable resistance, but, as discussed below, the situation is not quite so simple.  In sea water it would be a factor 100 lower.",Fig. 2.8. Current flowing from a sphere in an infinite conducting medium.
fig_02_09a.jpg,NOT FOUND IN DOC,"Fig. 2.9. (a) A cow, (b) a cow equivalent circuit and (c) a human with legs together."
fig_02_09b.png,NOT FOUND IN DOC,"Fig. 2.9. (a) A cow, (b) a cow equivalent circuit and (c) a human with legs together."
fig_02_09c.png,NOT FOUND IN DOC,"Fig. 2.9. (a) A cow, (b) a cow equivalent circuit and (c) a human with legs together."
fig_03_01a.jpg,NOT FOUND IN DOC,Fig. 3.1. The Normandy landings.   Note that the tide is very low.
fig_03_01b.jpg,NOT FOUND IN DOC,Fig. 3.1. The Normandy landings.   Note that the tide is very low.
fig_03_02.png,Fig. 2. The centrifugal/centripetal force debate.,Fig. 3.2. The centrifugal/centripetal force debate.
fig_03_03.svg,Fig. 3. The earth orbiting the moon and the moon orbiting the earth.,"Fig. 3.3. The earth orbiting the moon and the moon orbiting the earth.  Note that the centre of gravity is actually within the radius of the Earth, but it’s shown here outside the Earth for clarity."
fig_03_04.svg,Fig. 4. Bulge in levels of water as due to the difference in forces experienced on either side of the earth.,Fig. 3.4. Bulge in levels of water as due to the difference in forces experienced on either side of the earth.
fig_03_05.svg,"Figure 5 shows three small bodies of unit mass, initially in contact, attracted by a mass M.  Their accelerations, starting with the left-most, are MG/(d+a2), MG/d2 and MG/(d-a)2.  After a short time t, they become separated by a distance  L=t2a/d3 and, to first order, the bodies are still symmetric about the centre mass.  The Schumacher Levy comet approaching Jupiter was pulled apart as a result of these forces.  Fortunately, our moon is less disruptive and just produces a symmetric bulge, which is static because of the added orbital velocity.",Fig. 3.5. Three masses initially in contact and after a time t.
fig_03_06.svg,Fig. 6. The pressure gradient in curved stream-lines.,Fig. 3.6. The pressure gradient in curved stream-lines.
fig_03_07.svg,Fig. 7. Distances between the earth and moon used to calculate the height of tides using pressure.,Fig. 3.7. Distances between the earth and moon used to calculate the height of tides using pressure.
fig_03_08.svg,Fig. 8. Distances between the earth and moon used to calculate the height of tides using acceleration. The accelerations at P and O with the vector distances are shown.,Fig. 3.8. Distances between the earth and moon used to calculate the height of tides using acceleration. The accelerations at P and O with the vector distances are shown.
fig_03_09a.svg,NOT FOUND IN DOC,Fig. 3.9. The components and resultant accelerations at four points on the earth’s surface. (a) Accelerations relative to the earth due to the forces from the moon. (b) accelerations resolved tangential and radial to the surface. (c) Tangential components are responsible for moving water on the surface of the earth.
fig_03_09b.svg,NOT FOUND IN DOC,Fig. 3.9. The components and resultant accelerations at four points on the earth’s surface. (a) Accelerations relative to the earth due to the forces from the moon. (b) accelerations resolved tangential and radial to the surface. (c) Tangential components are responsible for moving water on the surface of the earth.
fig_03_09c.svg,NOT FOUND IN DOC,Fig. 3.9. The components and resultant accelerations at four points on the earth’s surface. (a) Accelerations relative to the earth due to the forces from the moon. (b) accelerations resolved tangential and radial to the surface. (c) Tangential components are responsible for moving water on the surface of the earth.
fig_03_10.png,Fig. 10. The acceleration is balanced by gravity at a slope ψ.,Fig. 3.10. The acceleration is balanced by gravity at a slope ψ.
fig_04_01.jpg,"Fig.1. Slinky spring  OUP THIS IS A SCREEN SHOT FROM THE ONE SHOW, EPISODE 7pm 4 April 2014 https://www3.eng.cam.ac.uk/~hemh1/tv.htm#slinkies",Fig.4.1. Slinky spring
fig_04_02.jpg,Fig. 2. The Wren Library  OUP:  TRINITY COLLEGE CAMBRIDGE. I CAN TAKE THIS PHOTO IF IT IS PROBLEMATIC,Fig. 4.2. The Wren Library
fig_04_03.jpg,Fig. 3. Speckled laser light.   OUP:   I DON'T KNOW WHERE THIS IMAGE COMES FROM,Fig. 4.3. Speckled laser light.
fig_04_04.jpg,Fig. 4. Crepuscular rays at sunset   OUP:   I DON'T KNOW WHERE THIS IMAGE COMES FROM,Fig. 4.4. Crepuscular rays at sunset
fig_04_05.jpg,Fig. 5. Cloud Shadows imaged from above (NASA photograph). They are parallel.  OUP:   I DON'T KNOW WHERE THIS IMAGE COMES FROM,Fig. 4.5. Cloud Shadows imaged from above (NASA photograph).
fig_04_06.jpg,Fig. 6. Anticrepuscular rays  (Wikipedia) https://en.wikipedia.org/wiki/Anticrepuscular_rays,Fig. 4.6. Anticrepuscular rays (Wikipedia)
fig_04_07.jpeg,"Fig. 7. Crepuscular Rays in St Peter’s Basilica, Rome (Wikipaedia).  NOT QUITE THE SAME IMAGE https://en.wikipedia.org/wiki/St._Peter%27s_Basilica#/media/File:%D0%91%D0%B0%D0%B7%D0%B8%D0%BB%D0%B8%D0%BA%D0%B0_%D0%A1%D0%B2%D0%B5%D1%82%D0%BE%D0%B3_%D0%9F%D0%B5%D1%82%D1%80%D0%B0,_%D0%92%D0%B0%D1%82%D0%B8%D0%BA%D0%B0%D0%BD.jpg","Fig. 4.7. Crepuscular Rays in St Peter’s Basilica, Rome (Wikipaedia)"
fig_04_08a.svg,NOT FOUND IN DOC,Fig. 4.8. Fresnel theory. (a) Plane waves of light can be represented by a number of point sources along the wavefront. (b) Diffraction through an aperture.
fig_04_08b.png,NOT FOUND IN DOC,Fig. 4.8. Fresnel theory. (a) Plane waves of light can be represented by a number of point sources along the wavefront. (b) Diffraction through an aperture.
fig_04_10.jpeg,Fig. 10. The polarisation pattern around the sun,Fig. 4.10. The polarisation pattern around the sun
fig_04_11.png,Fig. 11. Laser light multiply scattered by particles gives rise to a random distribution of intensity.,Fig. 4.11. Laser light multiply scattered by particles gives rise to a random distribution of intensity.
fig_04_12.png,Fig. 12  The Mexican Hat function  THERE ARE LOTS OF THESE ONLINE https://www.researchgate.net/publication/262569642_Wavelet_neural_network_applied_for_prognostication_of_contact_pressure_between_soil_and_driving_wheel/figures,Fig. 4.12  The Mexican Hat function  OUP:  THERE ARE LOTS OF THESE ONLINE https://www.researchgate.net/publication/262569642_Wavelet_neural_network_applied_for_prognostication_of_contact_pressure_between_soil_and_driving_wheel/figures
fig_04_13.png,Fig. 13 Variation of energy/intensity with distance from the origin,Fig. 4.13 Variation of energy/intensity with distance from the origin
fig_04_14.png,Fig.14.    Refracted and reflected rays with the direction of the electric field.,Fig.4.14. Refracted and reflected rays with the direction of the electric field.
fig_05_01a.jpeg,NOT FOUND IN DOC,Fig. 5.1. The Airbus 380   OUP:  I DON'T KNOW WHERE THESE IMAGES COME FROM
fig_05_01b.jpeg,NOT FOUND IN DOC,Fig. 5.1. The Airbus 380   OUP:  I DON'T KNOW WHERE THESE IMAGES COME FROM
fig_05_02a.svg,NOT FOUND IN DOC,"Fig. 5.2. Flow around a flat sheet for the case of zero viscosity. (a) the flow underneath the sheet is forced to curve but the flow above is unaltered. (b)  pressure distribution along the dotted line (ABC), showing high pressure under the sheet which generates lift."
fig_05_02b.svg,NOT FOUND IN DOC,"Fig. 5.2. Flow around a flat sheet for the case of zero viscosity. (a) the flow underneath the sheet is forced to curve but the flow above is unaltered. (b)  pressure distribution along the dotted line (ABC), showing high pressure under the sheet which generates lift."
fig_05_03a.svg,NOT FOUND IN DOC,"Fig 5.3. Flow around a flat sheet with viscosity. (a) The flow underneath and above the sheet is forced to curve. (b)  Pressure distribution along the dotted line (ABC), showing high pressure under the sheet and low pressure above the sheet, which generates more lift."
fig_05_03b.svg,NOT FOUND IN DOC,"Fig 5.3. Flow around a flat sheet with viscosity. (a) The flow underneath and above the sheet is forced to curve. (b)  Pressure distribution along the dotted line (ABC), showing high pressure under the sheet and low pressure above the sheet, which generates more lift."
fig_05_04.png,Fig. 4.  Potential flow round a sheet. Lift and drag are zero.  OUP:  I DON'T KNOW WHERE THESE IMAGES COME FROM,Fig. 5.4.  Potential flow round a sheet. Lift and drag are zero. OUP:  I DON'T KNOW WHERE THESE IMAGES COME FROM
fig_05_05.svg,Fig. 5.  Flow round a rotating cylinder.   OUP:  I DON'T KNOW WHERE THESE IMAGES COME FROM,Fig. 5.5.  Flow round a rotating cylinder.  OUP:  I DON'T KNOW WHERE THESE IMAGES COME FROM
fig_05_06a.svg,NOT FOUND IN DOC,"Fig. 5.6. The flow around an airfoil with zero circulation (a), overview of the flow. (b) Close-up of the trailing edge noting that the flow is unrealistic. (c) Velocity around the airfoil’s surface from A to D and back to A.OUP:  I DON'T KNOW WHERE THESE IMAGES COME FROM"
fig_05_06b.svg,NOT FOUND IN DOC,"Fig. 5.6. The flow around an airfoil with zero circulation (a), overview of the flow. (b) Close-up of the trailing edge noting that the flow is unrealistic. (c) Velocity around the airfoil’s surface from A to D and back to A.OUP:  I DON'T KNOW WHERE THESE IMAGES COME FROM"
fig_05_06c.svg,NOT FOUND IN DOC,"Fig. 5.6. The flow around an airfoil with zero circulation (a), overview of the flow. (b) Close-up of the trailing edge noting that the flow is unrealistic. (c) Velocity around the airfoil’s surface from A to D and back to A.OUP:  I DON'T KNOW WHERE THESE IMAGES COME FROM"
fig_05_07a.png,NOT FOUND IN DOC,"Fig. 5.7. The flow around an airfoil with circulation, c = 4.8 (a), overview of the flow. (b) Close-up of the trailing edge noting that the discontinuity has disappeared. (c) Velocity around the airfoil’s surface.  OUP:  I DON'T KNOW WHERE THESE IMAGES COME FROM"
fig_05_07b.png,NOT FOUND IN DOC,"Fig. 5.7. The flow around an airfoil with circulation, c = 4.8 (a), overview of the flow. (b) Close-up of the trailing edge noting that the discontinuity has disappeared. (c) Velocity around the airfoil’s surface.  OUP:  I DON'T KNOW WHERE THESE IMAGES COME FROM"
fig_05_07c.png,NOT FOUND IN DOC,"Fig. 5.7. The flow around an airfoil with circulation, c = 4.8 (a), overview of the flow. (b) Close-up of the trailing edge noting that the discontinuity has disappeared. (c) Velocity around the airfoil’s surface.  OUP:  I DON'T KNOW WHERE THESE IMAGES COME FROM"
fig_05_08a.png,NOT FOUND IN DOC,"Fig. 5.8. Flow around a wing with a flap with (a), c =0 and (b) c = 6.1."
fig_05_08b.png,NOT FOUND IN DOC,"Fig. 5.8. Flow around a wing with a flap with (a), c =0 and (b) c = 6.1."
fig_05_09.png,Fig. 9.  Streamlines in the ground effect.  OUP:  I DON'T KNOW WHERE THESE IMAGES COME FROM,Fig. 5.9.  Streamlines in the ground effect.  OUP:  I DON'T KNOW WHERE THESE IMAGES COME FROM
fig_05_10a.svg,NOT FOUND IN DOC,"Fig. 5.10. A boat sailing into the wind. (a) a boat moving with velocity v against a wind with velocity w. (b) The velocity of the wind relative to the boat vw/b is obtained by vector subtraction. (c) the wind moving around the curved sail generates a force f normal to the sail with components fv in the direction of the boat velocity and fk, which is a force resisted by the keel."
fig_05_10b.svg,NOT FOUND IN DOC,"Fig. 5.10. A boat sailing into the wind. (a) a boat moving with velocity v against a wind with velocity w. (b) The velocity of the wind relative to the boat vw/b is obtained by vector subtraction. (c) the wind moving around the curved sail generates a force f normal to the sail with components fv in the direction of the boat velocity and fk, which is a force resisted by the keel."
fig_05_10c.svg,NOT FOUND IN DOC,"Fig. 5.10. A boat sailing into the wind. (a) a boat moving with velocity v against a wind with velocity w. (b) The velocity of the wind relative to the boat vw/b is obtained by vector subtraction. (c) the wind moving around the curved sail generates a force f normal to the sail with components fv in the direction of the boat velocity and fk, which is a force resisted by the keel."
fig_05_11a.svg,NOT FOUND IN DOC,"Fig 5.11. A boat sailing downwind faster than the wind (a) the boat moves with velocity v with a wind with velocity w. (b) The velocity of the wind relative to the boat vw/b is obtained by vector subtraction. (c) Even though the boat is moving faster than the wind, there is still a force in the direction of the boat."
fig_05_11b.svg,NOT FOUND IN DOC,"Fig 5.11. A boat sailing downwind faster than the wind (a) the boat moves with velocity v with a wind with velocity w. (b) The velocity of the wind relative to the boat vw/b is obtained by vector subtraction. (c) Even though the boat is moving faster than the wind, there is still a force in the direction of the boat."
fig_05_11c.svg,NOT FOUND IN DOC,"Fig 5.11. A boat sailing downwind faster than the wind (a) the boat moves with velocity v with a wind with velocity w. (b) The velocity of the wind relative to the boat vw/b is obtained by vector subtraction. (c) Even though the boat is moving faster than the wind, there is still a force in the direction of the boat."
fig_05_12.png,Fig. 12. Potential flow round a sail.   OUP:  I DON'T KNOW WHERE THESE IMAGES COME FROM,Fig. 5.12. Potential flow round a sail.  OUP:  I DON'T KNOW WHERE THESE IMAGES COME FROM
fig_06_01a.png,NOT FOUND IN DOC,"Fig. 6.1. The “wireless”, then and now!"
fig_06_01b.png,NOT FOUND IN DOC,"Fig. 6.1. The “wireless”, then and now!"
fig_06_02.svg,Fig. 2. Hertz’s Apparatus.,Fig. 6.2. Hertz’s Apparatus.   THIS SEEMS TO BE FROM WIKIP.
fig_06_03a.png,NOT FOUND IN DOC,"Fig. 6.3. de Forest’s investigation of the use of flames as a detector¬. (a) a flame detector, (b) The flame is replaced by a heated gas in an envelop, (c) The final de Forest company version before it went out of business.  OUP:  These IMAGES  ARE FROM Here:  https://www.leedeforest.org/The_Audion.html"
fig_06_03b.png,NOT FOUND IN DOC,"Fig. 6.3. de Forest’s investigation of the use of flames as a detector¬. (a) a flame detector, (b) The flame is replaced by a heated gas in an envelop, (c) The final de Forest company version before it went out of business.  OUP:  These IMAGES  ARE FROM Here:  https://www.leedeforest.org/The_Audion.html"
fig_06_03c.png,NOT FOUND IN DOC,"Fig. 6.3. de Forest’s investigation of the use of flames as a detector¬. (a) a flame detector, (b) The flame is replaced by a heated gas in an envelop, (c) The final de Forest company version before it went out of business.  OUP:  These IMAGES  ARE FROM Here:  https://www.leedeforest.org/The_Audion.html"
fig_06_04a.jpg,NOT FOUND IN DOC,"Fig. 6.4.  The triode valve. 
Photo: ScAvenger, CC BY-SA 4.0 <https://creativecommons.org/licenses/by-sa/4.0>, via Wikimedia Commons
Line diagram - done by Diarmid - original lost"
fig_06_04b.png,NOT FOUND IN DOC,"Fig. 6.4.  The triode valve. 
Photo: ScAvenger, CC BY-SA 4.0 <https://creativecommons.org/licenses/by-sa/4.0>, via Wikimedia Commons
Line diagram - done by Diarmid - original lost"
fig_06_05a.svg,NOT FOUND IN DOC,"Fig. 6.5. The basic triode valve. (a) Principal components, anode, heated cathode and wire mesh. (b) Analysis using image charges."
fig_06_05b.svg,NOT FOUND IN DOC,"Fig. 6.5. The basic triode valve. (a) Principal components, anode, heated cathode and wire mesh. (b) Analysis using image charges."
fig_06_06.svg,Figure 6.  A complete triode amplifier,Figure 6.6.  A complete triode amplifier
fig_07_01a.jpg,NOT FOUND IN DOC,"Fig. 7.1. Schrodinger’s cat: Simultaneously dead and alive!  
https://www.popularmechanics.com/science/a43699474/scientists-created-the-fattest-schrodingers-cat-ever/
Underground source unknown"
fig_07_01b.png,NOT FOUND IN DOC,"Fig. 7.1. Schrodinger’s cat: Simultaneously dead and alive!  
https://www.popularmechanics.com/science/a43699474/scientists-created-the-fattest-schrodingers-cat-ever/
Underground source unknown"
fig_07_02.svg,"Figure 2 shows the vapour pressures of a large number of elements as a function of temperature.  Since the vapour is thermally activated from the solid, or liquid, to the gas phase we expect the vapour pressure to be proportional to exp(-U/kT) where U is the activation energy, k is Boltzman’s constant and T the absolute temperature.  From the above, therefore, we expect U to be a few electron volts.",Fig. 7.2. The structure of an alkali metal.
fig_07_03.png,"Figure 3 is an Arrhenius plot of log pressure against 1/T, which should be a straight line whose gradient gives the activation energy.  This works very well. It can be seen that, although the vapour pressures vary by ten orders of magnitudes, the gradients vary by only a factor of ten.  For carbon U = 8  eV and for mercury U = 0.5eV with all the other elements between them.  We see that our argument that all atomic binding energies are, within an order of magnitude, a few electron volts is borne out.",Fig. 7.3. log vapour pressure plotted against 1/T.
fig_07_04a.svg,NOT FOUND IN DOC,"Fig. 7.4. Electrons moving around an atom exhibit a characteristic wave function. (a) For a single atom, this is a sinewave whose half wavelength is the diameter of the orbit.  (b) For a molecule or metallic bond, the electrons have access to a wider volume hence the wavelength is longer."
fig_07_04b.svg,NOT FOUND IN DOC,"Fig. 7.4. Electrons moving around an atom exhibit a characteristic wave function. (a) For a single atom, this is a sinewave whose half wavelength is the diameter of the orbit.  (b) For a molecule or metallic bond, the electrons have access to a wider volume hence the wavelength is longer."
fig_07_05.png,NOT FOUND IN DOC,Fig. 7.5. The lowest four oscillation modes (energy levels) for a 2D membrane (drum skin)
fig_08_01.jpg,"Fig. 1. A Garmin GPS38, purchased in 1996.  I wonder if it still works?","Fig. 8.1. A Garmin GPS38, purchased in 1996.  I wonder if it still works?   HUGH HAS ONE, CAN TAKE A PHOTO OF IT"
fig_08_02.png,"Fig. 2.  Two satellites A and B. Circles are shown on the surface of the Earth, the perimeters of which have equal signal arrival times from each of the satellites.","Fig. 8.2.  Two satellites A and B. Circles are shown on the surface of the Earth, the perimeters of which have equal signal arrival times from each of the satellites."
fig_08_03.svg,"Fig. 3.  The projection of the circles from satellites A (orange) and B (blue) at two times T1 (solid) and T2 (dashed).  The signal at T1 alone fixes the receiver at either R1 or R1’. An additional satellite fix is required to remove the ambiguity. Alternatively, the signal at T2 can be used provided that the receiver is known not to have moved any appreciable distance. In choosing between R2 and R2’, R2 makes better sense.","Fig. 8.3.  The projection of the circles from satellites A (orange) and B (blue) at two times T1 (solid) and T2 (dashed).  The signal at T1 alone fixes the receiver at either R1 or R1’. An additional satellite fix is required to remove the ambiguity. Alternatively, the signal at T2 can be used provided that the receiver is known not to have moved any appreciable distance. In choosing between R2 and R2’, R2 makes better sense."
fig_08_04.jpeg,Fig. 4.  A solution on a plane for three satellites.  The three solid circles show constant arrival times for three satellites.  Two solutions are possible.,Fig. 8.4.  A solution on a plane for three satellites.  The three solid circles show constant arrival times for three satellites.  Two solutions are possible.
fig_09_01a.jpg,NOT FOUND IN DOC,Figure 9.1. Barnes Wallis and his Dambusters  OUP:  THE LEFT IMAGE IS FROM DAMBUSTERS: BUILDING THE BOUNCING BOMB 2 MAY 2011 CHANNEL 4 https://www3.eng.cam.ac.uk/~hemh1/tv.htm#DAMBUSTERS   THE RIGHT IMAGE IS FROM WIKI https://en.wikipedia.org/wiki/M%C3%B6hne_Reservoir#/media/File:Mohne_Dam_Breached.jpg
fig_09_01b.jpg,NOT FOUND IN DOC,Figure 9.1. Barnes Wallis and his Dambusters  OUP:  THE LEFT IMAGE IS FROM DAMBUSTERS: BUILDING THE BOUNCING BOMB 2 MAY 2011 CHANNEL 4 https://www3.eng.cam.ac.uk/~hemh1/tv.htm#DAMBUSTERS   THE RIGHT IMAGE IS FROM WIKI https://en.wikipedia.org/wiki/M%C3%B6hne_Reservoir#/media/File:Mohne_Dam_Breached.jpg
fig_09_02.svg,Figure 2. The pressure gradient in curved streamlines,Figure 9.2. The pressure gradient in curved streamlines
fig_09_03a.svg,NOT FOUND IN DOC,"Figure 9.3. There is no pressure drop across parallel streamlines. (a) the pressure in the side passage at B is the same as the flow pressure at A. (b) the pressure at the exit of a tube at B is the same as the pressure inside the tube at A and also the same as the outside pressure at C. (c) Where flow comes to rest we have a “stagnation point” S where the where the stagnation pressure ps = po + ½ρv2,where v is the flow velocity."
fig_09_03b.svg,NOT FOUND IN DOC,"Figure 9.3. There is no pressure drop across parallel streamlines. (a) the pressure in the side passage at B is the same as the flow pressure at A. (b) the pressure at the exit of a tube at B is the same as the pressure inside the tube at A and also the same as the outside pressure at C. (c) Where flow comes to rest we have a “stagnation point” S where the where the stagnation pressure ps = po + ½ρv2,where v is the flow velocity."
fig_09_03c.svg,NOT FOUND IN DOC,"Figure 9.3. There is no pressure drop across parallel streamlines. (a) the pressure in the side passage at B is the same as the flow pressure at A. (b) the pressure at the exit of a tube at B is the same as the pressure inside the tube at A and also the same as the outside pressure at C. (c) Where flow comes to rest we have a “stagnation point” S where the where the stagnation pressure ps = po + ½ρv2,where v is the flow velocity."
fig_09_04a.png,NOT FOUND IN DOC,Figure 9.4. Streamlines around a cylinder. (a) The arrows show the direction of the pressure gradient due to centrifugal force. (b) The gauge pressure around the cylinder; red is positive blue is negative.   OUP:  NOT SURE WHERE THESE IMAGES ARE FROM
fig_09_04b.png,NOT FOUND IN DOC,Figure 9.4. Streamlines around a cylinder. (a) The arrows show the direction of the pressure gradient due to centrifugal force. (b) The gauge pressure around the cylinder; red is positive blue is negative.   OUP:  NOT SURE WHERE THESE IMAGES ARE FROM
fig_09_05a.svg,NOT FOUND IN DOC,Figure 9.5. (a) A diagram of pitot-static tube and (b) a pitot-static tube under an aircraft wing.
fig_09_05b.png,NOT FOUND IN DOC,Figure 9.5. (a) A diagram of pitot-static tube and (b) a pitot-static tube under an aircraft wing.
fig_09_06a.svg,NOT FOUND IN DOC,"Figure 9.6. The Coanda effect blowing over a sheet of paper. (a) For flow in a straight line the pressures at A and B are the same. Flow over a curved surface will entrain stationary air from below creating curved streamlines. As we saw in Figure 2, this result in a region of low pressure which pulls the flow downwards. (b) the resulting flow follows the surface. With curved streamlines, the pressure at A is lower than at B, causing lift."
fig_09_06b.svg,NOT FOUND IN DOC,"Figure 9.6. The Coanda effect blowing over a sheet of paper. (a) For flow in a straight line the pressures at A and B are the same. Flow over a curved surface will entrain stationary air from below creating curved streamlines. As we saw in Figure 2, this result in a region of low pressure which pulls the flow downwards. (b) the resulting flow follows the surface. With curved streamlines, the pressure at A is lower than at B, causing lift."
fig_09_07a.jpg,NOT FOUND IN DOC,Figure 9.7. Examples of the Coanda effect. (a) a ping-pong ball levitated using a hairdryer (b) a representation of the flow showing the curved streamlines with the centre line of the original flow shown dashed. (c) Water being curved by a spoon. (d) The same effect is responsible for dribbly teapots.
fig_09_07b.jpg,NOT FOUND IN DOC,Figure 9.7. Examples of the Coanda effect. (a) a ping-pong ball levitated using a hairdryer (b) a representation of the flow showing the curved streamlines with the centre line of the original flow shown dashed. (c) Water being curved by a spoon. (d) The same effect is responsible for dribbly teapots.
fig_09_07c.jpg,NOT FOUND IN DOC,Figure 9.7. Examples of the Coanda effect. (a) a ping-pong ball levitated using a hairdryer (b) a representation of the flow showing the curved streamlines with the centre line of the original flow shown dashed. (c) Water being curved by a spoon. (d) The same effect is responsible for dribbly teapots.
fig_09_07d.jpg,NOT FOUND IN DOC,Figure 9.7. Examples of the Coanda effect. (a) a ping-pong ball levitated using a hairdryer (b) a representation of the flow showing the curved streamlines with the centre line of the original flow shown dashed. (c) Water being curved by a spoon. (d) The same effect is responsible for dribbly teapots.
fig_09_08.svg,Figure 8.  A steam injector,Figure 9.8.  A steam injector
fig_09_09a.jpg,NOT FOUND IN DOC,"Figure 9.9.  A sand casting.  (a) Church bells are commonly fabricated using sand casting. (b) molten iron is poured into a mould created from sand, but care is needed to prevent entrainment of air from the sand into the molten metal which affects the quality of the finished product."
fig_09_09b.png,NOT FOUND IN DOC,"Figure 9.9.  A sand casting.  (a) Church bells are commonly fabricated using sand casting. (b) molten iron is poured into a mould created from sand, but care is needed to prevent entrainment of air from the sand into the molten metal which affects the quality of the finished product."
fig_09_10.jpg,"Figure 10 shows the old Cheddar’s Lane sewage pumping station in Cambridge.  This is now a museum with the original steam pumps in working order.  Also of interest is that these ran almost entirely on waste.  This mostly took the form of the ash from the coal fires that heated every house in the city.  Although apparently burnt to a cinder, in fact an open fire only uses about half the energy in the coal and the much higher temperatures in the furnace of the station meant the other 50% could be used to run the pumps.  For the purposes of this chapter, we estimate the velocity of the draught this 180-feet high chimney can generate.","Figure 9.10.  The boiler chimney at the Cheddar’s Lane Industrial Museum, Cambridge"
fig_09_11a.jpg,NOT FOUND IN DOC,Figure 9.11. (a) An illustration of a furnace and chimney. (b) The weight of hot air in the chimney is much less than the equivalent column outside
fig_09_11b.svg,NOT FOUND IN DOC,Figure 9.11. (a) An illustration of a furnace and chimney. (b) The weight of hot air in the chimney is much less than the equivalent column outside
fig_09_12a.svg,NOT FOUND IN DOC,Figure 9.12 (a) Two cylinders in a wide flow and (b) Two cylinders in a jet
fig_09_12b.svg,NOT FOUND IN DOC,Figure 9.12 (a) Two cylinders in a wide flow and (b) Two cylinders in a jet
fig_09_13a.jpg,NOT FOUND IN DOC,Figure 9.13 (a) A perfume atomiser.  OUP:  CAN WE TAKE OUR OWN PHOTO?.(b) Entrainment draws liquid out of vessel. (c) Low pressure in Vena Contracta (Bernoulli) draws liquid out of the vessel
fig_09_13b.png,NOT FOUND IN DOC,Figure 9.13 (a) A perfume atomiser.  OUP:  CAN WE TAKE OUR OWN PHOTO?.(b) Entrainment draws liquid out of vessel. (c) Low pressure in Vena Contracta (Bernoulli) draws liquid out of the vessel
fig_09_13c.png,NOT FOUND IN DOC,Figure 9.13 (a) A perfume atomiser.  OUP:  CAN WE TAKE OUR OWN PHOTO?.(b) Entrainment draws liquid out of vessel. (c) Low pressure in Vena Contracta (Bernoulli) draws liquid out of the vessel
fig_09_14a.png,NOT FOUND IN DOC,Figure 9.14. Examples of levitation. (a) A ball in a funnel. (b) a disc levitated using a vacuum cleaner blowing through a hole in a second disc (c) a circular card lifted by blowing through a cotton reel and (d) the flow lines.
fig_09_14b.svg,NOT FOUND IN DOC,Figure 9.14. Examples of levitation. (a) A ball in a funnel. (b) a disc levitated using a vacuum cleaner blowing through a hole in a second disc (c) a circular card lifted by blowing through a cotton reel and (d) the flow lines.
fig_09_14c.svg,NOT FOUND IN DOC,Figure 9.14. Examples of levitation. (a) A ball in a funnel. (b) a disc levitated using a vacuum cleaner blowing through a hole in a second disc (c) a circular card lifted by blowing through a cotton reel and (d) the flow lines.
fig_09_14d.svg,NOT FOUND IN DOC,Figure 9.14. Examples of levitation. (a) A ball in a funnel. (b) a disc levitated using a vacuum cleaner blowing through a hole in a second disc (c) a circular card lifted by blowing through a cotton reel and (d) the flow lines.
fig_09_15.svg,"Figure 15 shows the flow round a cylinder (it’s easier to analyse a cylinder than a sphere) that is spinning in the clockwise direction. The cylinder is moving from right to left, but we get the same effect if the cylinder is stationary in a flow going from left to right. The velocity on the top surface is increased and that on the bottom decreased.  From Bernoulli’s equation the pressure is less on the top than the bottom so there is a vertical force on the cylinder.  This is consistent with the fact that the centrifugal pressure gradient is increased on the top since the radius of curvature of the streamlines remains close to that of the cylinder, while the velocity is increased by the spinning cylinder. The flow depicted in Fig 15 is “back spin” and the lift created causes the ball to stay in the air longer. Conversely, spin in the opposite direction is called “top spin” which pulls the ball down to the ground faster. This is extremely beneficial in tennis, as the ball can be very fast with top spin without overshooting the baseline and backspin in the Dambusters raid meant that the spinning bombs hit the surface of the water gently enabling them to bounce without blowing up.","Figure 9.15.  Flow round a cylinder spinning clockwise, depicting “back spin” of a ball moving from right to left. Relative to the ball, flow is from left to right.    OUP:   NOT SURE WHERE THIS FROM"
fig_09_16a.svg,NOT FOUND IN DOC,Figure 9.16.  (a) The Bosphorus runs between the Mediterranean and the Black Sea. (b) Cross-section through the Bosphorus.   OUP:   NOT SURE WHERE THIS IS FROM
fig_09_16b.png,NOT FOUND IN DOC,Figure 9.16.  (a) The Bosphorus runs between the Mediterranean and the Black Sea. (b) Cross-section through the Bosphorus.   OUP:   NOT SURE WHERE THIS IS FROM
fig_09_17.jpg,Figure 17. Kilimanjaro   OUP:   NOT SURE WHERE THIS IS FROM,Figure 9.17. Kilimanjaro    OUP:   NOT SURE WHERE THIS IS FROM
fig_09_18a.png,NOT FOUND IN DOC,Figure 9.18. (a) a fast-moving river. OUP:   NOT SURE WHERE THIS IS FROM   (b) It is easier to move from B to A by going along the bank first. (c) An array of vortices can be averaged to give a surface current and vice-versa.
fig_09_18b.png,NOT FOUND IN DOC,Figure 9.18. (a) a fast-moving river. OUP:   NOT SURE WHERE THIS IS FROM   (b) It is easier to move from B to A by going along the bank first. (c) An array of vortices can be averaged to give a surface current and vice-versa.
fig_09_18c.png,NOT FOUND IN DOC,Figure 9.18. (a) a fast-moving river. OUP:   NOT SURE WHERE THIS IS FROM   (b) It is easier to move from B to A by going along the bank first. (c) An array of vortices can be averaged to give a surface current and vice-versa.
fig_09_19a.png,NOT FOUND IN DOC,Figure 9.19. Blowing out a candle. (a) We start with potential flow (b) Vorticity forms an eddy (c) This produces a jet of air
fig_09_19b.png,NOT FOUND IN DOC,Figure 9.19. Blowing out a candle. (a) We start with potential flow (b) Vorticity forms an eddy (c) This produces a jet of air
fig_09_19c.png,NOT FOUND IN DOC,Figure 9.19. Blowing out a candle. (a) We start with potential flow (b) Vorticity forms an eddy (c) This produces a jet of air
fig_09_20a.png,NOT FOUND IN DOC,Figure 9.20. Trying to suck out a candle. (a) Potential flow with the velocities reversed.  (b) The vorticity moves to the left and the candle doesn’t notice any change.
fig_09_20b.png,NOT FOUND IN DOC,Figure 9.20. Trying to suck out a candle. (a) Potential flow with the velocities reversed.  (b) The vorticity moves to the left and the candle doesn’t notice any change.
fig_10_01.png,Fig.1 Eric Laithwaite giving his 1974 Royal Institution Christmas Lectures,Fig.10.1 Eric Laithwaite giving his 1974 Royal Institution Christmas Lectures
fig_10_02a.svg,NOT FOUND IN DOC,"Fig. 10.2. (a) A trolley is moving along a radial track on a rotating turntable. It’s speed, v, measured relative to the table is constant but as it moves from P to P′ there is a sideways component of velocity due to the rotation of the table, which reduces with radius. (b) In time t, the trolley has moved from P to P′, but if the track exerted no sideways force on the trolley, it would end up P′′. The sideways force required is called the Coriolis force."
fig_10_02b.png,NOT FOUND IN DOC,"Fig. 10.2. (a) A trolley is moving along a radial track on a rotating turntable. It’s speed, v, measured relative to the table is constant but as it moves from P to P′ there is a sideways component of velocity due to the rotation of the table, which reduces with radius. (b) In time t, the trolley has moved from P to P′, but if the track exerted no sideways force on the trolley, it would end up P′′. The sideways force required is called the Coriolis force."
fig_10_03.png,Fig. 3.   A depression crossing north Britain.   OUP:  CAN WE FIND A MODERN ATTRIBUTABLE IMAGE?,Fig. 10.3.   A depression crossing north Britain.   OUP:  CAN WE FIND A MODERN ATTRIBUTABLE IMAGE?
fig_10_04.png,Fig. 4. Does water go down a plughole in the opposite direction in Australia? Matt Parker does the experiment with a kitchen sink.,Fig. 10.4. Does water go down a plughole in the opposite direction in Australia? Matt Parker does the experiment with a kitchen sink.   HUGH CAN ASK MATT PARKER ABOUT USING THIS IMAGE
fig_10_05a.jpg,NOT FOUND IN DOC,"Fig. 10.5. (a) Jean Bernard Léon Foucault's pendulum experiment in the Pantheon, Paris, in 1851. (b) A pendulum swinging from a point, P, directly above the North pole will swing in a fixed plane while rotates below it. To an observer on the earth, the swing of the pendulum will appear to turn."
fig_10_05b.svg,NOT FOUND IN DOC,"Fig. 10.5. (a) Jean Bernard Léon Foucault's pendulum experiment in the Pantheon, Paris, in 1851. (b) A pendulum swinging from a point, P, directly above the North pole will swing in a fixed plane while rotates below it. To an observer on the earth, the swing of the pendulum will appear to turn."
fig_10_06a.png,NOT FOUND IN DOC,"Fig. 10.6. Gyroscopic precession. (a) A spinning bicycle wheel supported on a string does not fall down, as expected intuitively, but precesses around a vertical axis (b) a side view of the bicycle wheel and its axle. The string pushes up with a force mg exactly equal to the weight of the wheel. The resulting moment mgd is responsible for the gyroscopic effect."
fig_10_06b.svg,NOT FOUND IN DOC,"Fig. 10.6. Gyroscopic precession. (a) A spinning bicycle wheel supported on a string does not fall down, as expected intuitively, but precesses around a vertical axis (b) a side view of the bicycle wheel and its axle. The string pushes up with a force mg exactly equal to the weight of the wheel. The resulting moment mgd is responsible for the gyroscopic effect."
fig_10_07a.png,NOT FOUND IN DOC,"Fig. 10.7. A disc spinning in a rotating frame. (a) A rigid frame rotating at angular velocity  contains a disc spinning with angular velocity  The spin axis of the disc is at right angles to the spin axis of the frame. (b) a point, P, on the perimeter of the disc has velocity × r.    OUP:  HUGH DREW THIS"
fig_10_07b.png,NOT FOUND IN DOC,"Fig. 10.7. A disc spinning in a rotating frame. (a) A rigid frame rotating at angular velocity  contains a disc spinning with angular velocity  The spin axis of the disc is at right angles to the spin axis of the frame. (b) a point, P, on the perimeter of the disc has velocity × r.    OUP:  HUGH DREW THIS"
fig_10_08.png,"Fig. 8. The use of angular momentum to describe the gyroscopic effect. A rotor spinning with angular velocity ω is fixed to a turntable rotating with angular velocity Ω with their spin axes at right angles. The couple, Q, is at right angles to both spin axes.    OUP:  HUGH DREW THIS","Fig. 10.8. The use of angular momentum to describe the gyroscopic effect. A rotor spinning with angular velocity  is fixed to a turntable rotating with angular velocity  with their spin axes at right angles. The couple, Q, is at right angles to both spin axes.   OUP:  HUGH DREW THIS"
fig_10_09a.png,NOT FOUND IN DOC,Fig. 10.9. A bicycle fitted with a reverse spinning wheel used to demonstrate that gyroscopic effects are not significant.   HUGH'S PERSONAL PHOTOS
fig_10_09b.png,NOT FOUND IN DOC,Fig. 10.9. A bicycle fitted with a reverse spinning wheel used to demonstrate that gyroscopic effects are not significant.   HUGH'S PERSONAL PHOTOS
fig_10_10a.png,NOT FOUND IN DOC,"Fig. 10.10. A stone bouncing on water. The force f is off-centre and without the gyroscopic effect of the spinning stone, it would tip over."
fig_10_10b.png,NOT FOUND IN DOC,"Fig. 10.10. A stone bouncing on water. The force f is off-centre and without the gyroscopic effect of the spinning stone, it would tip over."
fig_10_11.png,"Figure 11 shows how the flattening of the earth at the poles causes a bulge around the equator, due to centrifugal force.  The resulting shape is called an oblate spheroid. To avoid having to solve lengthy triple integrals along the principal axes, we will approximate the bulge to four lumps of weight m placed symmetrically round the equator, as shown in Fig. 12.",Fig. 10.11. The Gyrocompass. A spinning disc will try to align itself to spin axis of the earth    OUP:  NOT SURE WHERE THIS IMAGE IS FROM
fig_10_12a.png,NOT FOUND IN DOC,Fig. 10.12. The earth is an oblate spheroid and it is shown here with an inscribed sphere
fig_10_12b.png,NOT FOUND IN DOC,Fig. 10.12. The earth is an oblate spheroid and it is shown here with an inscribed sphere
fig_10_13.png,Fig. 13. The bulge on the earth is represented by discrete masses. Forces on these masses depend on their distance to the moon.,Fig. 10.13. The bulge on the earth is represented by discrete masses. Forces on these masses depend on their distance to the moon.
fig_10_14a.jpg,NOT FOUND IN DOC,Fig. 10.14. A gyroscope on a cone of height h and radius a   OUP:  NOT SURE WHERE THIS IMAGE IS FROM
fig_10_14b.jpg,NOT FOUND IN DOC,Fig. 10.14. A gyroscope on a cone of height h and radius a   OUP:  NOT SURE WHERE THIS IMAGE IS FROM
fig_10_14c.png,NOT FOUND IN DOC,Fig. 10.14. A gyroscope on a cone of height h and radius a   OUP:  NOT SURE WHERE THIS IMAGE IS FROM
fig_10_15a.png,NOT FOUND IN DOC,Fig. 10.15. (a) A gyroscope overhanging a shelf. (b) a sideview showing a weight (in red) to stop the stand from tipping over when the gyroscope is vertical. (c) the same weight prevents tipping when the gyroscope is horizontal and precessing. This is counter-intuitive as you would think you need more weight in (c).
fig_10_15b.png,NOT FOUND IN DOC,Fig. 10.15. (a) A gyroscope overhanging a shelf. (b) a sideview showing a weight (in red) to stop the stand from tipping over when the gyroscope is vertical. (c) the same weight prevents tipping when the gyroscope is horizontal and precessing. This is counter-intuitive as you would think you need more weight in (c).
fig_10_15c.png,NOT FOUND IN DOC,Fig. 10.15. (a) A gyroscope overhanging a shelf. (b) a sideview showing a weight (in red) to stop the stand from tipping over when the gyroscope is vertical. (c) the same weight prevents tipping when the gyroscope is horizontal and precessing. This is counter-intuitive as you would think you need more weight in (c).
fig_11_01.jpg,Fig. 1. The moon came to be after a rogue Mars-sized planet (called Theia) collided with the Earth.  OUP:  NOT SURE WHERE THIS IMAGE IS FROM,Fig. 11.1. The moon came to be after a rogue Mars-sized planet (called Theia) collided with the Earth   OUP:  NOT SURE WHERE THIS IMAGE IS FROM
fig_11_02.png,Fig. 2.  A coupled pair of pendulums.,Fig. 11.2.  A coupled pair of pendulums   OUP:  NOT SURE WHERE THIS IMAGE IS FROM
fig_11_03a.png,NOT FOUND IN DOC,"Fig. 11.3. (a) mode 1, ω=√(ωo2–k), (b) mode 2, ω=√(ωo2+k) and (c) The sum of modes 1 and 2."
fig_11_03b.png,NOT FOUND IN DOC,"Fig. 11.3. (a) mode 1, ω=√(ωo2–k), (b) mode 2, ω=√(ωo2+k) and (c) The sum of modes 1 and 2."
fig_11_03c.png,NOT FOUND IN DOC,"Fig. 11.3. (a) mode 1, ω=√(ωo2–k), (b) mode 2, ω=√(ωo2+k) and (c) The sum of modes 1 and 2."
fig_11_04.jpg,Fig. 4.  A coupled pendulum experiment with string and coins.  OUP:  NOT SURE WHERE THIS IMAGE IS FROM,Fig. 11.4.  A coupled pendulum experiment with string and coins.  OUP:  NOT SURE WHERE THIS IMAGE IS FROM
fig_11_05.png,Fig. 5. Tippe top.   OUP:   HUGH SAYS:  I CAN TAKE MY OWN PHOTO - I HAVE A FEW TIPPETOPS,Fig. 11.5. Tippe top   OUP:   HUGH SAYS:  I CAN TAKE MY OWN PHOTO - I HAVE A FEW TIPPETOPS
fig_12_01.jpg,Fig.1. Stonehenge  OUP:  NOT SURE WHERE THIS IMAGE IS FROM,Fig.12.1. Stonehenge    OUP:  NOT SURE WHERE THIS IMAGE IS FROM
fig_12_02.svg,"Fig. 2. The Earth at three points of its orbit A, B and C at time intervals of 23.934 hours. If the earth’s orbit around the sun were circular, then the sun would be overhead every 24 hours. On an elliptical orbit the speed of the earth varies depending on where it is in the orbit, so the timing of “solar noon” varies depending on the time of year.","Fig. 12.2. The Earth at three points of its orbit A, B and C at time intervals of 23.934 hours. If the earth’s orbit around the sun were circular, then the sun would be overhead every 24 hours. On an elliptical orbit the speed of the earth varies depending on where it is in the orbit, so the timing of “solar noon” varies depending on the time of year."
fig_12_03.png,"Fig. 3.  Sunrise, noon and sunset around the winter solstice.","Fig. 12.3.  Sunrise, noon and sunset around the winter solstice."
fig_12_04.svg,"Figure 4 shows the Earth with its spin axis vertical so that the equatorial plane is horizontal. For ease of analysis, the Sun is shown orbiting the earth in the plane of the ecliptic, which is inclined at inclined at the angle of θ = 23.5°. From the point of view of the Earth, and ignoring the Earth’s rotation, the Sun orbits once a year. What we see on a sundial is affected by the apparent angular speed of the Sun projected onto a horizontal plane. The analysis gets a bit hairy but ultimately, we find “the equation of time”.",Fig. 12.4. An illustration of the sun orbiting the earth (an earth-centred frame of reference is convenient for this analysis). The diagram shows the summer and winter solstices (longest and shortest days) and the two equinoxes.
fig_12_05.svg,Fig. 5.  The equation of time.  Day 1 is 1st January. Negative is watch-fast compared with Sun. This includes both the effect of the inclination of plane of the ecliptic and the ellipticity of the Earth’s orbit.,Fig. 12.5.  The equation of time.  Day 1 is 1st January. Negative is watch-fast compared with Sun. This includes both the effect of the inclination of plane of the ecliptic and the ellipticity of the Earth’s orbit.
fig_12_06a.png,NOT FOUND IN DOC,Fig. 12.6. Determining the time of sunrise and sunset. (a) a view of the Earth at the winter solstice (northern hemisphere). (b) a view down from the North Pole showing the section at latitude L as a circle of radius r.
fig_12_06b.png,NOT FOUND IN DOC,Fig. 12.6. Determining the time of sunrise and sunset. (a) a view of the Earth at the winter solstice (northern hemisphere). (b) a view down from the North Pole showing the section at latitude L as a circle of radius r.
fig_13_01a.jpg,NOT FOUND IN DOC,Fig. 13.1. Well-known engineering failures. (a) The Tacoma Narrows Bridge and (b) the De Havilland Comet aircraft.   OUP:  NOT SURE WHERE THIS IMAGE IS FROM
fig_13_01b.png,NOT FOUND IN DOC,Fig. 13.1. Well-known engineering failures. (a) The Tacoma Narrows Bridge and (b) the De Havilland Comet aircraft.   OUP:  NOT SURE WHERE THIS IMAGE IS FROM
fig_13_02.svg,Figure 2. A structure with Poisson’s ratio 1/2√2.,Fig. 13.2. A structure with Poisson’s ratio 1/2√2.
fig_13_03.svg,"Figure 3. The variation of energy of an atom with distance from its neighbour (spacing) for n = 9 m = 3. Thermal activation causes vibration, sufficient vibration causes melting and then evaporation.   HUGH DID THIS IN MATLAB","Fig. 13.3. The variation of energy of an atom with distance from its neighbour (spacing) for n = 9 m = 3. Thermal activation causes vibration, sufficient vibration causes melting and then evaporation.  HUGH DID THIS IN MATLAB"
fig_13_04a.svg,NOT FOUND IN DOC,Fig. 13.4 (a) Stresses on a unit cube (z perpendicular to the page). (b) hydrostatic stress occurs when the stresses on all faces are equal. (c) and (d) pure shear with σz = 0.
fig_13_04b.svg,NOT FOUND IN DOC,Fig. 13.4 (a) Stresses on a unit cube (z perpendicular to the page). (b) hydrostatic stress occurs when the stresses on all faces are equal. (c) and (d) pure shear with σz = 0.
fig_13_04c.svg,NOT FOUND IN DOC,Fig. 13.4 (a) Stresses on a unit cube (z perpendicular to the page). (b) hydrostatic stress occurs when the stresses on all faces are equal. (c) and (d) pure shear with σz = 0.
fig_13_04d.svg,NOT FOUND IN DOC,Fig. 13.4 (a) Stresses on a unit cube (z perpendicular to the page). (b) hydrostatic stress occurs when the stresses on all faces are equal. (c) and (d) pure shear with σz = 0.
fig_13_05.svg,"Figure 5. A rod of length L subject to an axial force, P. (a) The principal buckling mode P = (π2 E I) / L2",
fig_13_06.png,"Figure 6. A climber on a rope AB, anchored at B. The stretch of the rope x needs to be enough so as to avoid a sudden jolt that will injure the climber but not so much as to break the rope.   OUP:   THIS IS FROM CUED PREPARATORY PROBLEMS FOR NEW STUDENTS.  I'M SURE WE CAN GET PERMISSION TO USE IT","Fig.13.6. A climber on a rope AB, anchored at B. The stretch of the rope x needs to be enough so as to avoid a sudden jolt that will injure the climber but not so much as to break the rope.   OUP:   THIS IS FROM CUED PREPARATORY PROBLEMS FOR NEW STUDENTS.  I'M SURE WE CAN GET PERMISSION TO USE IT"
fig_13_07a.jpg,NOT FOUND IN DOC,Fig 13.7. The Challenger disaster. (a) The aftermath of the explosion and (b) the join and ‘O’ ring seal.  OUP:  NOT SURE WHERE THESE COME FROM
fig_13_07b.jpg,NOT FOUND IN DOC,Fig 13.7. The Challenger disaster. (a) The aftermath of the explosion and (b) the join and ‘O’ ring seal.  OUP:  NOT SURE WHERE THESE COME FROM
fig_13_08a.png,NOT FOUND IN DOC,"Fig. 13.8. The ‘O’ ring seal, (a) the gap widens to allow initial blow past the gap, (b) Higher pressure squashes the ‘O’ ring to recreate the seal. Unfortunately, the cold temperature on the day meant the ‘O’ ring was more like glass than rubber."
fig_13_08b.png,NOT FOUND IN DOC,"Fig. 13.8. The ‘O’ ring seal, (a) the gap widens to allow initial blow past the gap, (b) Higher pressure squashes the ‘O’ ring to recreate the seal. Unfortunately, the cold temperature on the day meant the ‘O’ ring was more like glass than rubber."
fig_13_09.jpg,Figure 9. Cupid stringing his bow  OUP:  NOT SURE WHERE THESE COME FROM,Fig. 13.9. Cupid stringing his bow.  OUP:  NOT SURE WHERE THESE COME FROM
fig_13_10.png,Figure 10 An arrow when released is subject to a high axial force and it will bend. But if the natural frequency is just right then the vibrating arrow will clear the bow and will go straight.,Fig.13.10 An arrow when released is subject to a high axial force and it will bend. But if the natural frequency is just right then the vibrating arrow will clear the bow and will go straight.
